{"cameraMode":{"drawMode":0,"name":"Shaded","section":"Shading Mode"},"sceneLighting":false,"audioPlay":false,"sceneViewState":{"showFog":true,"showMaterialUpdate":false,"showSkybox":true,"showFlares":true,"showImageEffects":true,"showParticleSystems":true},"in2DMode":false,"pivot":{"x":3659.818359375,"y":-2088.68212890625,"z":611.6754150390625},"rotation":{"x":0.19346505403518678,"y":0.6257256865501404,"z":-0.16411475837230683,"w":0.7376347184181213},"size":4306.27392578125,"orthographic":false}