{"cameraMode":{"drawMode":0,"name":"Shaded","section":"Shading Mode"},"sceneLighting":false,"audioPlay":false,"sceneViewState":{"showFog":true,"showMaterialUpdate":false,"showSkybox":true,"showFlares":true,"showImageEffects":true,"showParticleSystems":true},"in2DMode":false,"pivot":{"x":0.573655903339386,"y":7.568058490753174,"z":-1.2209162712097169},"rotation":{"x":-0.02799592725932598,"y":-0.4742658734321594,"z":0.015091409906744957,"w":-0.8798069953918457},"size":3.390789747238159,"orthographic":false}