{"cameraMode":{"drawMode":0,"name":"Shaded","section":"Shading Mode"},"sceneLighting":false,"audioPlay":false,"sceneViewState":{"showFog":true,"showMaterialUpdate":false,"showSkybox":true,"showFlares":true,"showImageEffects":true,"showParticleSystems":true},"in2DMode":false,"pivot":{"x":456.9591369628906,"y":283.5113220214844,"z":-82.58172607421875},"rotation":{"x":0.008585773408412934,"y":0.15447057783603669,"z":0.0013424325734376908,"w":-0.9879592061042786},"size":3.478031635284424,"orthographic":false}