{"cameraMode":{"drawMode":0,"name":"Shaded","section":"Shading Mode"},"sceneLighting":false,"audioPlay":false,"sceneViewState":{"showFog":true,"showMaterialUpdate":false,"showSkybox":true,"showFlares":true,"showImageEffects":true,"showParticleSystems":true},"in2DMode":false,"pivot":{"x":-0.293062299489975,"y":1.186435580253601,"z":-0.009249687194824219},"rotation":{"x":-0.0018093163380399347,"y":0.023095354437828065,"z":-0.000041779945604503155,"w":-0.9997316598892212},"size":7.612632751464844,"orthographic":false}