{"cameraMode":{"drawMode":0,"name":"Shaded","section":"Shading Mode"},"sceneLighting":false,"audioPlay":false,"sceneViewState":{"showFog":true,"showMaterialUpdate":false,"showSkybox":true,"showFlares":true,"showImageEffects":true,"showParticleSystems":true},"in2DMode":false,"pivot":{"x":0.6040446758270264,"y":-0.028803348541259767,"z":1.0843969583511353},"rotation":{"x":-0.19659948348999024,"y":-0.7567708492279053,"z":0.263286828994751,"w":-0.5650898814201355},"size":3.1707937717437746,"orthographic":false}