{"cameraMode":{"drawMode":0,"name":"Shaded","section":"Shading Mode"},"sceneLighting":false,"audioPlay":false,"sceneViewState":{"showFog":true,"showMaterialUpdate":false,"showSkybox":true,"showFlares":true,"showImageEffects":true,"showParticleSystems":true},"in2DMode":false,"pivot":{"x":0.5253934860229492,"y":-0.588566780090332,"z":-2.2931582927703859},"rotation":{"x":-0.07986428588628769,"y":-0.9145669937133789,"z":0.22265657782554627,"w":-0.32804426550865176},"size":2.8707938194274904,"orthographic":false}