{"cameraMode":{"drawMode":0,"name":"Shaded","section":"Shading Mode"},"sceneLighting":false,"audioPlay":false,"sceneViewState":{"showFog":true,"showMaterialUpdate":false,"showSkybox":true,"showFlares":true,"showImageEffects":true,"showParticleSystems":true},"in2DMode":false,"pivot":{"x":457.8708190917969,"y":283.8175048828125,"z":-82.95463562011719},"rotation":{"x":-0.0018093163380399347,"y":0.023095354437828065,"z":-0.000041779945604503155,"w":-0.9997316598892212},"size":3.550089120864868,"orthographic":false}